officerID,name,rank,years_of_experience,cases_handled,location_id
99,Linda Cook,Inspector,16,175,208
107,Devon Garcia,Lieutenant,10,86,221
115,Robert York,Sergeant,1,54,234
123,Laura Wright,Sergeant,7,98,247
131,Patrick Ross,Inspector,4,14,260
139,Tracey Wood,Lieutenant,18,186,273
147,Colin Price,Inspector,9,128,286
155,Jasmine Brown,Lieutenant,19,135,299
163,David Stone IV,Lieutenant,14,114,312
171,Eric Robinson,Lieutenant,13,192,325
179,Kathryn Warren,Inspector,10,32,338
187,Cheryl Norton,Sergeant,8,178,351
195,Nicole Wheeler,Inspector,5,128,364
203,Teresa Wilson,Inspector,6,85,377
211,James Cruz,Inspector,5,138,390
219,Thomas Gomez,Lieutenant,1,107,403
227,Katherine Murphy,Lieutenant,4,103,416
235,Curtis Patel,Inspector,13,22,429
243,Bobby Hudson,Inspector,9,134,442
251,Robert Matthews,Lieutenant,19,105,455
259,David Ross,Inspector,17,198,468
267,Beth Carrillo,Inspector,19,112,481
275,Miss Brianna Williams,Sergeant,17,151,494
283,Michael Novak,Lieutenant,9,91,507
291,Laura Burgess,Sergeant,18,133,520
299,Caroline George,Sergeant,19,113,533
307,Stephanie Good,Inspector,20,116,546
315,Alyssa Elliott,Lieutenant,19,154,559
323,Tricia Gutierrez,Lieutenant,2,46,572
331,Jimmy Williams,Lieutenant,3,111,585
339,Jessica Ross,Lieutenant,14,128,598
347,Michelle Taylor,Inspector,13,142,611
355,Brittney Day,Inspector,6,114,624
363,Amber Johnson,Sergeant,7,72,637
371,James Ross,Sergeant,2,10,650
379,Amy Hill,Lieutenant,6,54,663
387,Dawn Baldwin,Sergeant,6,11,676
395,Joseph Collins,Sergeant,1,13,689
403,Rebecca Wilson,Lieutenant,12,126,702
411,Christopher Flowers,Lieutenant,17,110,715
419,Brianna Scott,Sergeant,18,42,728
427,James Norton,Inspector,7,189,741
435,Jean Sharp,Sergeant,18,195,754
443,Christopher Wilkinson,Lieutenant,13,131,767
451,Nicholas Brown,Lieutenant,19,33,780
459,Timothy Martinez,Sergeant,6,200,793
467,Michael Perez,Lieutenant,1,40,806
475,Michelle Freeman,Inspector,17,94,819
483,Jonathan Clayton,Sergeant,9,21,832
491,Kelly Huff,Sergeant,11,178,845
499,William Woodward,Lieutenant,12,111,858
507,Courtney Davis,Sergeant,9,134,871
515,George Edwards,Inspector,6,194,884
523,Annette Smith,Lieutenant,2,19,897
531,Theresa Austin,Inspector,10,189,910
539,Lisa Beck,Lieutenant,1,39,923
547,Craig Wilson,Sergeant,5,65,936
555,Mary Jones,Lieutenant,9,85,949
563,Justin Montes,Lieutenant,14,31,962
571,Rachel Wilkerson,Lieutenant,11,183,975
579,Megan Powers,Lieutenant,10,23,988
587,Rachel Harrison,Sergeant,1,25,1001
595,Keith Palmer,Lieutenant,14,10,1014
603,Jeffrey Allen,Lieutenant,1,37,1027
611,Alexandra Stewart,Inspector,15,136,1040
619,Richard Miller,Inspector,20,101,1053
627,Kelly Haynes,Lieutenant,15,145,1066
635,Tara Bender,Lieutenant,8,177,1079
643,Cynthia Prince,Inspector,9,42,1092
651,Cody Allen,Sergeant,2,180,1105
659,Mario Sanford,Sergeant,19,22,1118
667,Jennifer Price,Lieutenant,16,126,1131
675,Jennifer Stephenson,Lieutenant,16,12,1144
683,Judith Chan,Lieutenant,19,181,1157
691,Jeffrey Wilson,Lieutenant,5,156,1170
699,Charles Brown,Sergeant,16,86,1183
707,Matthew Bond DDS,Lieutenant,20,91,1196
715,John Jackson,Inspector,7,39,1209
723,Robert Hayes,Inspector,18,31,1222
731,Alyssa Olson,Sergeant,6,78,1235
739,Tina Peterson,Inspector,18,106,1248
747,Kendra Williams,Sergeant,4,188,1261
755,Tina Burns,Inspector,2,132,1274
763,Allen Baker,Sergeant,15,112,1287
771,Meghan Clark,Lieutenant,3,104,1300
779,Teresa Hawkins,Lieutenant,5,171,1313
787,John Walker,Lieutenant,6,67,1326
795,William Spence,Lieutenant,3,48,1339
803,Rebecca Nelson,Inspector,13,126,1352
811,Kathryn Brown,Lieutenant,9,136,1365
819,Steve Gray,Lieutenant,12,134,1378
827,John Stewart,Sergeant,14,177,1391
835,Kristen Webb,Inspector,9,39,1404
843,Sarah Lam,Lieutenant,9,173,1417
851,Claudia Rose,Inspector,3,24,1430
859,James Hernandez,Lieutenant,20,135,1443
867,Scott Becker,Lieutenant,2,52,1456
875,Chris Turner,Lieutenant,13,119,1469
883,Tammy Humphrey,Lieutenant,19,99,1482
891,Sydney Hicks,Sergeant,8,165,1495
899,Robin Baird,Inspector,10,47,1508
907,Stephanie Barr,Lieutenant,5,38,1521
915,Beverly Grant,Sergeant,19,194,1534
923,Robert Woods,Inspector,2,191,1547
931,Johnny Rush,Lieutenant,20,158,1560
939,James Osborn,Lieutenant,11,43,1573
947,Sara Miller,Lieutenant,13,99,1586
955,Christian Robinson,Lieutenant,20,122,1599
963,Brittany Chavez,Sergeant,5,136,1612
971,Paul Thomas,Inspector,10,56,1625
979,Kathy Lewis,Inspector,9,89,1638
987,Gerald Wilson,Sergeant,13,53,1651
995,Becky James,Lieutenant,7,101,1664
1003,Grace Castillo,Sergeant,8,130,1677
1011,Scott Blake,Inspector,8,140,1690
1019,Thomas Mccoy,Inspector,8,191,1703
1027,Allen Cohen,Inspector,7,196,1716
1035,Jerry Hall,Lieutenant,1,118,1729
1043,Mr. Edward Stokes DDS,Sergeant,6,54,1742
1051,Kaitlyn Mcintyre,Sergeant,1,55,1755
1059,Gary James,Sergeant,10,119,1768
1067,Debra Schmidt,Lieutenant,19,39,1781
1075,Adrian Mosley,Inspector,1,35,1794
1083,Benjamin Martin,Inspector,7,42,1807
1091,Shannon Butler,Lieutenant,1,160,1820
1099,Gabriella Johnson,Sergeant,2,20,1833
1107,Luis Walker,Lieutenant,1,21,1846
1115,Tina Smith,Lieutenant,20,29,1859
1123,Ann Ortiz MD,Inspector,15,77,1872
1131,Karen Greene,Lieutenant,10,182,1885
1139,Emily Hughes,Lieutenant,2,17,1898
1147,Bridget Williams,Lieutenant,8,55,1911
1155,Katrina Butler,Lieutenant,10,173,1924
1163,Taylor Parker,Lieutenant,20,173,1937
1171,Nicholas Mahoney,Inspector,7,137,1950
1179,Katie Dixon,Sergeant,16,94,1963
1187,Samantha Gregory,Sergeant,12,81,1976
1195,Heather Sherman,Lieutenant,13,29,1989
1203,Charles Frederick,Inspector,12,58,2002
1211,Victoria Robinson,Sergeant,19,55,2015
1219,Russell Duncan,Sergeant,1,63,2028
1227,Brandy Arnold,Lieutenant,18,73,2041
1235,Joseph Lowe,Lieutenant,6,64,2054
1243,Matthew Campbell,Sergeant,11,77,2067
1251,Kristen Vincent,Sergeant,10,141,2080
1259,James Mitchell,Sergeant,2,21,2093
1267,Mark Ray,Inspector,14,94,2106
1275,Stephen Garrison,Inspector,5,162,2119
1283,Christopher Williams,Inspector,12,32,2132
1291,Samuel Miller MD,Lieutenant,12,96,2145
1299,Deborah Wilcox,Sergeant,9,16,2158
1307,Rodney Martin,Lieutenant,6,124,2171
1315,Robin Rodriguez,Inspector,19,183,2184
1323,Michael Davis,Sergeant,17,154,2197
1331,Erin Lopez,Sergeant,16,128,2210
1339,Rebekah Wheeler,Inspector,2,117,2223
1347,Janice Schmidt,Sergeant,16,163,2236
1355,Brandon Roth,Sergeant,14,104,2249
1363,Stephanie Carr,Inspector,4,138,2262
1371,Clifford Koch,Lieutenant,19,186,2275
1379,Gary Pope,Sergeant,19,138,2288
1387,Phillip Garcia,Inspector,10,89,2301
1395,Debra Dillon,Inspector,1,138,2314
1403,Matthew Boyd,Sergeant,14,188,2327
1411,William Gonzalez,Sergeant,14,145,2340
1419,Michelle Williams,Sergeant,19,172,2353
1427,Kayla Hoffman,Inspector,19,116,2366
1435,Kaitlyn Horn,Inspector,15,50,2379
1443,Jerry Taylor,Inspector,8,73,2392
1451,Bruce Brennan,Lieutenant,3,91,2405
1459,Jessica Mcconnell,Inspector,11,136,2418
1467,David Mitchell,Inspector,5,164,2431
1475,Kevin Lee,Sergeant,20,177,2444
1483,Erika Dixon,Inspector,18,119,2457
1491,Alan Montgomery,Sergeant,8,195,2470
1499,Jamie Mason,Sergeant,15,192,2483
1507,Leah Wilson,Lieutenant,20,65,2496
1515,Victoria Barton,Inspector,11,177,2509
1523,Amanda Davis,Lieutenant,12,97,2522
1531,Elijah Chase,Lieutenant,5,145,2535
1539,Derek Hunter,Lieutenant,10,168,2548
1547,Daniel Brown,Sergeant,12,177,2561
1555,Steven White,Lieutenant,16,177,2574
1563,Michelle Myers,Inspector,8,15,2587
1571,Willie Young,Sergeant,18,51,2600
1579,Joseph White,Lieutenant,1,107,2613
1587,Michelle Diaz,Inspector,1,152,2626
1595,Beverly Schneider,Inspector,12,15,2639
1603,Teresa Padilla,Sergeant,13,139,2652
1611,Jeremy Campos,Sergeant,17,102,2665
1619,Laura Rosales,Lieutenant,14,184,2678
1627,Amanda Freeman,Lieutenant,4,126,2691
1635,Misty Flores,Inspector,3,59,2704
1643,William Simmons,Sergeant,17,49,2717
1651,Ms. Mary Dodson,Sergeant,2,55,2730
1659,Nathan Newman,Sergeant,12,66,2743
1667,Jeremy Herman,Lieutenant,3,35,2756
1675,Dawn Bennett,Inspector,5,165,2769
1683,Ryan Thomas,Sergeant,10,19,2782
1691,Brenda Jones,Lieutenant,3,45,2795
1699,Jacqueline Hardy,Inspector,20,146,2808
1707,Timothy Patel,Lieutenant,2,114,2821
1715,Christopher Everett,Inspector,7,127,2834
1723,Matthew Lewis,Inspector,14,10,2847
1731,William Summers,Inspector,20,115,2860
1739,Jennifer Long,Inspector,16,71,2873
1747,Maxwell Boyd,Sergeant,11,171,2886
1755,Aaron Allen,Lieutenant,4,97,2899
1763,Raymond Ford,Sergeant,13,80,2912
1771,Eric Lee,Lieutenant,17,43,2925
1779,Dana Smith,Inspector,3,19,2938
1787,Nicole Smith,Lieutenant,10,156,2951
1795,Amy Berry,Sergeant,12,136,2964
1803,Christopher Martin,Lieutenant,19,70,2977
1811,Allison Villanueva,Sergeant,20,83,2990
1819,Robert Dunn,Lieutenant,19,127,3003
1827,Christopher Grant,Sergeant,12,54,3016
1835,Ashley Santiago,Lieutenant,20,124,3029
1843,Diane Wilcox,Sergeant,6,146,3042
1851,Candace Russell,Inspector,4,87,3055
1859,David Sherman PhD,Sergeant,13,173,3068
1867,Justin Moore,Sergeant,14,192,3081
1875,Dean Barnes,Lieutenant,1,178,3094
1883,Lisa Garcia,Inspector,13,159,3107
1891,Robert Hayes,Sergeant,9,42,3120
1899,Mark Jenkins,Sergeant,8,112,3133
1907,Ariana Roberson,Lieutenant,16,161,3146
1915,Tina Ortiz,Inspector,4,162,3159
1923,Joshua Lutz,Lieutenant,13,146,3172
1931,Mark Snyder,Inspector,5,169,3185
1939,Aimee Murillo,Inspector,3,124,3198
1947,Derek Evans,Lieutenant,16,119,3211
1955,Eric Davila,Lieutenant,9,168,3224
1963,Isaiah Nelson,Lieutenant,20,21,3237
1971,Andrew Johnson,Inspector,16,133,3250
1979,Danny Snow,Sergeant,11,162,3263
1987,Crystal King,Inspector,16,80,3276
1995,Grace Dickerson,Inspector,5,90,3289
2003,Jonathan Robinson,Inspector,10,84,3302
2011,Catherine Blanchard,Inspector,3,152,3315
2019,Caitlin Campbell,Lieutenant,11,182,3328
2027,Destiny Randall,Inspector,11,128,3341
2035,Richard Castillo,Inspector,2,114,3354
2043,James King,Inspector,1,53,3367
2051,Jack Harris,Inspector,13,107,3380
2059,Sherri Lindsey,Sergeant,9,164,3393
2067,Daniel Neal,Sergeant,6,39,3406
2075,Mr. Steven Carpenter,Sergeant,8,161,3419
2083,Joann Powell,Inspector,1,36,3432
2091,Ashley Hudson,Sergeant,12,35,3445
2099,Eric Wyatt,Inspector,9,13,3458
2107,Timothy Goodwin,Inspector,14,191,3471
2115,Angela Knight,Sergeant,14,98,3484
2123,Sean Hernandez,Sergeant,17,119,3497
2131,Pamela Rios,Lieutenant,8,89,3510
2139,Brian Ramirez,Lieutenant,20,133,3523
2147,Tracy Hoover,Sergeant,14,61,3536
2155,Jeremiah Cabrera,Lieutenant,6,191,3549
2163,Leslie Chapman,Inspector,14,54,3562
2171,Michael Nielsen,Sergeant,20,48,3575
2179,Ricardo Munoz,Inspector,6,142,3588
2187,Theresa Gutierrez,Inspector,15,89,3601
2195,Rachel Allen,Inspector,20,17,3614
2203,Larry Wallace,Sergeant,6,37,3627
2211,Jason Roman,Lieutenant,12,162,3640
2219,Gabriel Carr,Inspector,8,29,3653
2227,Steven Baker,Sergeant,10,80,3666
2235,Stephanie Underwood,Lieutenant,6,124,3679
2243,Jaclyn Burton,Sergeant,12,102,3692
2251,Natalie Smith,Inspector,12,127,3705
2259,Donna Miller,Lieutenant,6,135,3718
2267,Cristian Jordan,Lieutenant,9,36,3731
2275,Kimberly Molina,Sergeant,2,57,3744
2283,Dylan Jimenez,Inspector,3,191,3757
2291,Sean Foster,Inspector,2,178,3770
2299,Rachel Mckinney,Inspector,11,167,3783
2307,Olivia Williams,Lieutenant,10,90,3796
2315,April Casey,Inspector,8,173,3809
2323,Steven Cook,Inspector,9,95,3822
2331,Tina Gray,Sergeant,9,183,3835
2339,John Brown,Inspector,7,175,3848
2347,Thomas Guerrero,Sergeant,1,159,3861
2355,Dean Fischer,Lieutenant,15,12,3874
2363,Madeline Gutierrez,Inspector,10,138,3887
2371,Summer Rivera,Lieutenant,6,78,3900
2379,Maria Cooper,Inspector,16,190,3913
2387,Suzanne Sharp,Sergeant,18,175,3926
2395,Terry Smith,Sergeant,9,98,3939
2403,Angela James,Lieutenant,17,67,3952
2411,Ariana Wallace,Sergeant,10,93,3965
2419,William Edwards,Lieutenant,1,158,3978
2427,Christopher Thomas,Lieutenant,20,189,3991
2435,Brandon Hernandez,Sergeant,13,92,4004
2443,Derrick Patel,Sergeant,12,127,4017
2451,Kristen Vang,Inspector,18,182,4030
2459,Shawn Davis,Lieutenant,9,101,4043
2467,Trevor Glenn,Inspector,10,108,4056
2475,Craig Gill,Inspector,6,169,4069
2483,Steven Butler,Lieutenant,12,170,4082
2491,Amanda Booth,Lieutenant,8,87,4095
2499,Austin Baxter,Lieutenant,19,130,4108
2507,Steven Kaiser,Inspector,12,140,4121
2515,Brittney Combs,Lieutenant,8,192,4134
2523,Nicholas Bass,Inspector,15,113,4147
2531,Megan Hernandez,Lieutenant,14,191,4160
2539,Nancy Randall,Lieutenant,2,35,4173
2547,Travis Holt,Sergeant,18,32,4186
2555,Dr. Jordan Hancock DVM,Sergeant,6,29,4199
2563,Erin Miller,Sergeant,12,31,4212
2571,Denise Graves,Sergeant,14,192,4225
2579,Cindy Young,Lieutenant,9,106,4238
2587,Matthew Smith,Inspector,1,111,4251
2595,Wayne Thomas,Sergeant,13,29,4264
2603,Erik Stone,Inspector,19,57,4277
2611,Jon Richardson,Inspector,18,59,4290
2619,William Rich,Sergeant,6,42,4303
2627,Kathleen Rogers,Sergeant,18,117,4316
2635,Elizabeth Johnson,Inspector,11,155,4329
2643,Charles Armstrong,Lieutenant,15,158,4342
2651,Nathan Savage,Sergeant,12,37,4355
2659,Deborah Gill,Sergeant,15,82,4368
2667,Amanda Short,Lieutenant,6,22,4381
2675,Nathan Snow,Lieutenant,7,144,4394
2683,Deanna Richmond,Lieutenant,3,16,4407
2691,Amy Hernandez,Inspector,16,104,4420
2699,Christopher Hoover,Inspector,10,62,4433
2707,Brianna Roberts,Inspector,4,159,4446
2715,Marissa Bass,Inspector,12,186,4459
2723,Brandon Davidson,Inspector,11,181,4472
2731,Mr. James Townsend,Lieutenant,11,72,4485
2739,Michael Johnson,Inspector,1,46,4498
2747,Jason Hall,Sergeant,12,182,4511
2755,Joshua Baker,Inspector,18,148,4524
2763,Kyle Jimenez,Lieutenant,8,86,4537
2771,Crystal Perkins,Lieutenant,11,101,4550
2779,Beth Green,Sergeant,1,74,4563
2787,Cheyenne West,Lieutenant,2,168,4576
2795,Joel Moreno,Sergeant,9,130,4589
2803,Holly Greene,Lieutenant,16,185,4602
2811,Todd Adkins,Inspector,2,150,4615
2819,Matthew Cain,Lieutenant,14,37,4628
2827,Melinda Villanueva,Lieutenant,9,147,4641
2835,Joshua Sutton,Lieutenant,2,180,4654
2843,Andres Moreno,Sergeant,13,199,4667
2851,William Mcdonald,Lieutenant,1,24,4680
2859,Barbara Andrews,Inspector,11,82,4693
2867,Jesse Kennedy,Sergeant,7,42,4706
2875,Michael Smith,Sergeant,13,181,4719
2883,Dustin Harvey,Lieutenant,2,65,4732
2891,Jill Anderson,Lieutenant,9,21,4745
2899,Scott Evans,Inspector,5,57,4758
2907,Alex Coleman,Lieutenant,14,11,4771
2915,Justin Mccall,Lieutenant,18,134,4784
2923,Linda Carpenter,Lieutenant,16,154,4797
2931,Charles King,Inspector,7,77,4810
2939,Donna Barnes,Lieutenant,14,20,4823
2947,Brian Larson,Lieutenant,11,33,4836
2955,Pamela Martinez,Inspector,14,10,4849
2963,Marcus Higgins,Lieutenant,17,49,4862
2971,Hailey Adams,Lieutenant,16,95,4875
2979,Jasmine Riddle,Lieutenant,6,132,4888
2987,Grace Hernandez,Sergeant,10,146,4901
2995,Devin Weber,Lieutenant,10,34,4914
3003,Michelle Hunt,Lieutenant,13,119,4927
3011,Stephanie Taylor,Lieutenant,2,144,4940
3019,Amy Stevenson,Lieutenant,6,151,4953
3027,Richard Potter MD,Inspector,13,78,4966
3035,Kimberly Cohen,Sergeant,18,198,4979
3043,Dr. Phillip Walton MD,Sergeant,18,143,4992
3051,Nancy Doyle,Inspector,15,80,5005
3059,Stacey King,Lieutenant,1,21,5018
3067,Adrian Taylor,Inspector,7,158,5031
3075,Connie Marsh,Sergeant,18,84,5044
3083,Christopher Wood,Lieutenant,7,146,5057
3091,Heather Juarez,Inspector,14,159,5070
3099,Elizabeth King,Sergeant,1,177,5083
3107,Carrie Greer,Lieutenant,7,192,5096
3115,Cody Rich,Lieutenant,18,115,5109
3123,Makayla Griffin,Inspector,3,61,5122
3131,Kaitlyn Edwards,Inspector,15,151,5135
3139,Mr. Paul Edwards,Inspector,2,82,5148
3147,Stacey Lopez,Inspector,11,142,5161
3155,Thomas Liu,Sergeant,16,79,5174
3163,Bryan Wilson,Sergeant,11,35,5187
3171,Daniel Smith,Lieutenant,12,15,5200
3179,Tammy Smith,Sergeant,13,184,5213
3187,Amber Moreno,Inspector,20,54,5226
3195,Teresa Lang,Inspector,18,187,5239
3203,Stephen Hughes,Sergeant,16,58,5252
3211,Jasmine Estrada,Sergeant,8,53,5265
3219,Scott Nelson,Inspector,14,61,5278
3227,David Curry,Sergeant,11,58,5291
3235,Jeffrey Sanders MD,Inspector,14,24,5304
3243,Katelyn Garza,Inspector,18,140,5317
3251,Joseph Arnold,Inspector,6,127,5330
3259,Terry Cruz,Lieutenant,18,148,5343
3267,Emily Lopez,Inspector,3,108,5356
3275,Jordan Williams,Inspector,20,57,5369
3283,Loretta Davis,Lieutenant,17,140,5382
3291,John Moody,Lieutenant,13,129,5395
3299,David Young,Sergeant,12,40,5408
3307,Matthew Martinez,Inspector,4,153,5421
3315,Samuel Martinez,Lieutenant,16,196,5434
3323,Jacob Jarvis,Lieutenant,3,42,5447
3331,James Anderson,Lieutenant,13,79,5460
3339,Melissa Palmer,Sergeant,19,155,5473
3347,Catherine Mitchell,Inspector,12,19,5486
3355,Timothy Williams,Sergeant,7,125,5499
3363,Jason Ross,Lieutenant,19,17,5512
3371,Jenna Ward,Sergeant,2,167,5525
3379,Sara Maxwell,Sergeant,17,139,5538
3387,Jennifer Tyler,Inspector,13,75,5551
3395,Robert Lewis,Sergeant,10,106,5564
3403,Larry Ingram,Sergeant,12,168,5577
3411,Candace Martinez,Sergeant,17,124,5590
3419,Jack Lamb,Lieutenant,4,46,5603
3427,Kimberly Wagner,Inspector,15,54,5616
3435,Samuel Sanchez,Sergeant,18,22,5629
3443,Jennifer Thomas,Sergeant,20,53,5642
3451,Chad George,Inspector,2,75,5655
3459,Luke Pearson,Inspector,9,14,5668
3467,Claire Adams,Inspector,16,87,5681
3475,Evan Wright,Lieutenant,2,147,5694
3483,Charles Martinez,Sergeant,18,147,5707
3491,Frederick Cooper,Lieutenant,13,199,5720
3499,Angela Hardin,Lieutenant,8,10,5733
3507,Courtney Robinson,Lieutenant,16,102,5746
3515,Michael Velez,Inspector,18,94,5759
3523,Ruth Reid,Lieutenant,2,184,5772
3531,Lauren Bowen,Lieutenant,1,94,5785
3539,Colleen Brewer,Inspector,3,178,5798
3547,Alyssa Flores,Inspector,6,169,5811
3555,Terri Mitchell,Lieutenant,5,108,5824
3563,Valerie West,Lieutenant,6,81,5837
3571,Jonathan Davis,Lieutenant,8,33,5850
3579,Anthony Watson,Inspector,11,155,5863
3587,Patrick Scott,Lieutenant,20,78,5876
3595,Frank Fuentes,Lieutenant,2,149,5889
3603,John Abbott,Inspector,11,116,5902
3611,Jerry Harvey,Lieutenant,2,92,5915
3619,Tammy Hernandez,Lieutenant,9,36,5928
3627,Maria Rosario,Lieutenant,14,53,5941
3635,Cindy James,Lieutenant,9,11,5954
3643,Francisco Franklin,Lieutenant,14,129,5967
3651,Robin Schroeder MD,Sergeant,4,116,5980
3659,Holly Freeman,Inspector,17,24,5993
3667,James Goodman,Inspector,15,39,6006
3675,Juan Mcmillan,Inspector,14,72,6019
3683,Joseph Weaver,Inspector,12,88,6032
3691,Ryan Vega,Inspector,18,89,6045
3699,Richard Ross,Sergeant,17,50,6058
3707,Julie Charles,Inspector,4,14,6071
3715,Jack Mahoney,Sergeant,7,60,6084
3723,Tonya Baker,Lieutenant,1,164,6097
3731,Megan Montes,Inspector,4,127,6110
3739,Joseph Williams,Sergeant,13,18,6123
3747,Brandon Griffith,Inspector,20,188,6136
3755,Alexis Adams,Lieutenant,8,177,6149
3763,Patricia Allen,Inspector,8,17,6162
3771,Mary Campbell,Lieutenant,8,95,6175
3779,Brittany Miller,Sergeant,13,65,6188
3787,Alex Mcmahon,Inspector,13,89,6201
3795,Rita Jones,Inspector,6,67,6214
3803,Kenneth Simpson,Sergeant,15,59,6227
3811,Rebecca Baker,Lieutenant,20,36,6240
3819,Katrina Jones,Lieutenant,9,52,6253
3827,Kenneth Johnson,Sergeant,13,93,6266
3835,Elizabeth Cole,Inspector,10,139,6279
3843,Logan Stewart,Sergeant,18,195,6292
3851,Katie Ball,Sergeant,5,42,6305
3859,Theresa Jones,Lieutenant,7,113,6318
3867,Stacy Gonzalez,Sergeant,14,115,6331
3875,Eric Evans,Sergeant,6,61,6344
3883,Eugene Parker,Lieutenant,11,12,6357
3891,Rebecca Ferguson,Lieutenant,2,148,6370
3899,Kimberly Lee,Sergeant,3,89,6383
3907,Tommy Boone,Inspector,10,144,6396
3915,Justin Preston,Inspector,3,134,6409
3923,Kevin Torres,Inspector,7,197,6422
3931,Earl Aguilar,Inspector,5,190,6435
3939,Douglas Spencer MD,Sergeant,14,19,6448
3947,Joshua Mccoy,Sergeant,6,101,6461
3955,Janice Hernandez,Inspector,3,77,6474
3963,Timothy Edwards,Sergeant,7,136,6487
3971,Vanessa Munoz,Lieutenant,14,143,6500
3979,Nancy Baker,Inspector,20,170,6513
3987,Timothy Jackson,Inspector,12,36,6526
3995,Cheryl Shepard,Sergeant,2,183,6539
4003,Edward Patel,Inspector,7,189,6552
4011,Jeffery Cooper,Sergeant,18,164,6565
4019,Dustin Bailey,Lieutenant,5,88,6578
4027,Darius Vaughn,Sergeant,2,103,6591
4035,Sabrina Henry,Sergeant,11,16,6604
4043,Joshua Moran,Lieutenant,19,94,6617
4051,Lori Huff,Sergeant,7,153,6630
4059,Bryan Brown,Sergeant,1,78,6643
4067,Noah Weeks,Lieutenant,7,26,6656
4075,Shelia Francis,Inspector,15,79,6669
4083,Sarah Woods,Inspector,20,120,6682
4091,Daniel Sellers,Sergeant,14,158,6695
4099,Sara Smith,Inspector,13,41,6708
4107,Tara Jackson,Sergeant,15,19,6721
4115,Evelyn Manning,Sergeant,2,187,6734
4123,Kelly Pearson,Sergeant,9,31,6747
4131,Joseph Shea,Lieutenant,1,146,6760
4139,Corey Young,Lieutenant,9,49,6773
4147,Frances Brooks,Lieutenant,2,27,6786
4155,Jenna Cherry,Inspector,7,194,6799
4163,Tiffany Cole,Lieutenant,14,139,6812
4171,Crystal Alvarez,Inspector,3,131,6825
4179,Patrick Weber,Inspector,3,111,6838
4187,Patricia Harris,Sergeant,15,54,6851
4195,Scott Smith,Lieutenant,9,145,6864
4203,Melissa Perry,Inspector,18,72,6877
4211,Nicole Nielsen,Sergeant,1,64,6890
4219,Alexander Sanders,Lieutenant,3,77,6903
4227,Heather Thomas,Lieutenant,5,120,6916
4235,Alexander Scott,Inspector,11,122,6929
4243,Paige Mcbride,Sergeant,17,64,6942
4251,Lindsay Crosby,Lieutenant,20,30,6955
4259,Todd Wright,Lieutenant,5,119,6968
4267,Jennifer Singh,Inspector,7,147,6981
4275,Kevin Gutierrez,Sergeant,17,144,6994
4283,Dennis Young,Inspector,13,150,7007
4291,David Ramirez,Sergeant,3,134,7020
4299,Jasmine Webb,Lieutenant,9,163,7033
4307,Hannah Harmon,Inspector,11,43,7046
4315,Vincent Gonzalez,Sergeant,6,71,7059
4323,Casey Martin,Inspector,6,168,7072
4331,Nathan Sanchez,Lieutenant,16,30,7085
4339,Alexander Silva,Inspector,1,191,7098
4347,Miss Alexandra Johnson,Inspector,10,120,7111
4355,Kimberly White,Inspector,17,98,7124
4363,Carolyn Carter,Sergeant,14,153,7137
4371,Rebecca Bright,Inspector,8,90,7150
4379,David Graham,Sergeant,9,141,7163
4387,Jeffrey Carter,Inspector,6,14,7176
4395,Sarah Snyder,Sergeant,18,87,7189
4403,Joshua Hudson,Sergeant,3,64,7202
4411,Dakota Dawson,Inspector,14,56,7215
4419,Jessica Perez,Lieutenant,18,144,7228
4427,Christopher Williams,Sergeant,15,18,7241
4435,Darlene Smith,Inspector,4,22,7254
4443,Tyler Reeves,Lieutenant,4,161,7267
4451,Jason Montoya,Inspector,14,197,7280
4459,Roberto Murphy,Inspector,18,191,7293
4467,Mary Mcneil,Sergeant,2,182,7306
4475,Andrew Santana,Sergeant,11,106,7319
4483,Marie Saunders,Sergeant,11,115,7332
4491,Andrea Atkins,Sergeant,13,105,7345
4499,Amber Decker,Inspector,13,30,7358
4507,Margaret Burns,Sergeant,10,131,7371
4515,Karen Duffy,Sergeant,13,124,7384
4523,Alicia Lawrence,Sergeant,19,158,7397
4531,Dominique Rogers,Inspector,13,119,7410
4539,John Young,Sergeant,18,41,7423
4547,John Patel,Lieutenant,4,96,7436
4555,Brittany Jenkins,Inspector,5,152,7449
4563,Sophia Garcia,Sergeant,18,167,7462
4571,Kevin Erickson,Lieutenant,15,167,7475
4579,Cynthia Peterson,Inspector,9,175,7488
4587,Craig Nichols,Inspector,6,195,7501
4595,Amanda Sanford,Inspector,12,84,7514
4603,Amanda Bryant,Sergeant,8,156,7527
4611,Jesse Henry,Lieutenant,4,158,7540
4619,Antonio Stanton,Sergeant,13,159,7553
4627,Jacob Adkins,Lieutenant,10,161,7566
4635,Christine Hicks,Inspector,8,45,7579
4643,Robert Edwards,Inspector,18,175,7592
4651,Brian Dennis,Sergeant,7,183,7605
4659,Mark Moses MD,Inspector,9,110,7618
4667,Matthew Phillips,Inspector,19,145,7631
4675,Nathan George,Lieutenant,5,167,7644
4683,Nicholas Alvarez,Inspector,16,84,7657
4691,Stephen Smith,Inspector,9,71,7670
4699,Cody Powell,Lieutenant,7,128,7683
4707,Jessica Shepard,Inspector,4,164,7696
4715,Dustin Stevens,Inspector,20,121,7709
4723,Kelli Castro,Sergeant,20,164,7722
4731,Tyler Miller DDS,Lieutenant,20,37,7735
4739,Thomas Pope,Sergeant,15,89,7748
4747,Elizabeth Elliott,Lieutenant,4,12,7761
4755,Doris Mcdaniel,Inspector,8,166,7774
4763,Dr. Carl Oneill,Inspector,8,88,7787
4771,Beth Simpson,Lieutenant,1,52,7800
4779,Nicholas Harvey,Sergeant,8,189,7813
4787,Christopher Mueller,Lieutenant,17,182,7826
4795,Albert Camacho MD,Lieutenant,12,124,7839
4803,Cristian Frazier MD,Inspector,2,62,7852
4811,Paul Erickson,Sergeant,3,48,7865
4819,Mary Suarez,Lieutenant,11,193,7878
4827,Andrea Mcbride,Lieutenant,15,24,7891
4835,Tamara Mendez,Inspector,3,92,7904
4843,Allison Duran,Inspector,20,123,7917
4851,Donald Beltran,Lieutenant,7,110,7930
4859,Margaret Martinez,Inspector,12,138,7943
4867,Kaitlyn Dennis,Sergeant,10,82,7956
4875,William Cantrell,Inspector,7,195,7969
4883,Bridget Brown,Inspector,19,175,7982
4891,Julia Hernandez,Inspector,1,115,7995
4899,Katelyn Walters,Sergeant,16,161,8008
4907,Susan Haney,Lieutenant,19,121,8021
4915,Austin Ruiz,Lieutenant,15,148,8034
4923,Alex White,Lieutenant,5,52,8047
4931,Ms. Mary Williams,Sergeant,16,182,8060
4939,Lori Griffith,Sergeant,6,117,8073
4947,Maria Ward,Inspector,2,144,8086
4955,Renee Fletcher,Sergeant,9,183,8099
4963,Joseph Smith,Inspector,3,14,8112
4971,Janice Rodriguez,Sergeant,10,113,8125
4979,Christopher Cook,Lieutenant,13,175,8138
4987,Michael White,Sergeant,16,177,8151
4995,Oscar Petersen,Lieutenant,10,178,8164
5003,Kristen Hicks,Inspector,7,171,8177
5011,Christopher Ward,Inspector,8,64,8190
5019,Christy Carter,Sergeant,3,77,8203
5027,Patrick Nash,Sergeant,12,96,8216
5035,James Blake,Lieutenant,14,151,8229
5043,Christopher Lopez,Sergeant,11,114,8242
5051,Robert Benitez Jr.,Lieutenant,14,83,8255
5059,Gregory Reese,Sergeant,12,181,8268
5067,Jennifer Ortiz,Inspector,14,161,8281
5075,Keith Smith,Sergeant,11,151,8294
5083,Colleen Walker,Inspector,16,49,8307
5091,Joel Henson,Lieutenant,20,132,8320
5099,Kendra Miles,Inspector,17,80,8333
5107,Amanda Hill,Sergeant,8,148,8346
5115,Jamie Anderson,Inspector,13,194,8359
5123,Stacy Reed,Inspector,2,117,8372
5131,Frederick Barnett,Sergeant,18,63,8385
5139,Amy Smith,Lieutenant,2,191,8398
5147,Kristina Davis,Sergeant,17,82,8411
5155,Christie Patterson,Lieutenant,19,69,8424
5163,Shannon Hanson,Sergeant,3,112,8437
5171,Gloria Edwards,Lieutenant,9,89,8450
5179,Amanda Carter,Sergeant,20,195,8463
5187,Janice Pham,Inspector,14,192,8476
5195,Nicole Friedman,Sergeant,6,51,8489
5203,Valerie Wise,Inspector,10,120,8502
5211,Susan Brown,Lieutenant,13,124,8515
5219,Robert Castaneda,Inspector,18,25,8528
5227,Leslie Williams,Inspector,9,29,8541
5235,Dr. Stephen Bryant,Sergeant,17,23,8554
5243,Felicia Watson DDS,Sergeant,15,20,8567
5251,Kristen Salas,Lieutenant,2,84,8580
5259,Jesus Morgan,Sergeant,1,40,8593
5267,Norma Hernandez,Sergeant,1,67,8606
5275,Kristin Shepherd,Inspector,20,112,8619
5283,Dana Sutton MD,Inspector,7,11,8632
5291,Steven Rodgers,Sergeant,9,149,8645
5299,Adam Meadows,Inspector,8,122,8658
5307,Mr. George Conley,Lieutenant,17,31,8671
5315,Joseph Nichols,Sergeant,6,163,8684
5323,Brittany Oconnor,Inspector,9,74,8697
5331,Amanda Brooks,Inspector,16,103,8710
5339,Emily Quinn,Sergeant,4,16,8723
5347,Carlos Medina,Inspector,6,84,8736
5355,Linda Porter,Lieutenant,14,199,8749
5363,Robin Washington,Sergeant,16,53,8762
5371,Derek Massey,Sergeant,7,172,8775
5379,Molly Myers,Inspector,17,159,8788
5387,Linda Mejia,Inspector,18,125,8801
5395,Anne Holmes,Inspector,3,113,8814
5403,Nicholas Murphy,Lieutenant,11,83,8827
5411,Tina Raymond,Sergeant,5,51,8840
5419,Tony Lewis,Inspector,6,69,8853
5427,Ricky Hall,Sergeant,8,31,8866
5435,Jessica Foley,Inspector,4,19,8879
5443,Kenneth Gordon,Inspector,10,173,8892
5451,Maureen Ramirez,Inspector,1,192,8905
5459,Aaron Reyes,Lieutenant,15,198,8918
5467,Marc Walker,Lieutenant,6,67,8931
5475,Timothy Watson,Inspector,3,36,8944
5483,Kristen Morris,Sergeant,16,172,8957
5491,Alisha Holmes,Sergeant,12,62,8970
5499,Chelsea Vincent,Inspector,13,14,8983
5507,Paul Ford,Sergeant,14,149,8996
5515,James Stephenson,Inspector,18,26,9009
5523,Jeffrey Patel,Inspector,10,150,9022
5531,Michael Rodriguez,Sergeant,16,10,9035
5539,Dr. Amy Dominguez,Sergeant,4,95,9048
5547,John French,Inspector,15,141,9061
5555,Christopher Reynolds,Lieutenant,5,67,9074
5563,Nicole Ballard,Inspector,18,192,9087
5571,Lynn Adams,Sergeant,14,81,9100
5579,Anthony Gonzalez,Lieutenant,9,13,9113
5587,Carrie Sullivan MD,Inspector,12,30,9126
5595,Christopher Jackson,Lieutenant,12,114,9139
5603,Carol Lane,Inspector,5,34,9152
5611,Stephen Taylor,Inspector,4,52,9165
5619,Joseph Pope,Inspector,5,147,9178
5627,Chris Martin,Sergeant,17,30,9191
5635,Lori Rhodes,Sergeant,20,41,9204
5643,William Williams,Sergeant,19,119,9217
5651,Jason Greene,Sergeant,11,122,9230
5659,Brandy Williamson,Lieutenant,9,69,9243
5667,Michael Perkins,Sergeant,3,61,9256
5675,Dana Bruce,Lieutenant,12,128,9269
5683,Jennifer Wheeler,Sergeant,16,50,9282
5691,Katelyn Porter,Lieutenant,18,106,9295
5699,Debbie Pena,Inspector,12,129,9308
5707,Crystal Leon,Sergeant,7,103,9321
5715,Richard Hayes,Lieutenant,6,78,9334
5723,Jennifer White,Lieutenant,3,72,9347
5731,Julia Mcknight,Sergeant,20,173,9360
5739,Sarah Moore,Sergeant,6,159,9373
5747,Ronald Nichols,Inspector,9,127,9386
5755,Samantha Lamb,Lieutenant,3,144,9399
5763,Linda White,Sergeant,12,147,9412
5771,Nicole Hunt,Sergeant,10,162,9425
5779,Bianca Stewart,Lieutenant,12,17,9438
5787,Mrs. Danielle Sanchez DDS,Lieutenant,7,140,9451
5795,Brian Andrews,Sergeant,9,189,9464
5803,Natalie Pacheco,Inspector,16,36,9477
5811,Ashley Buck,Inspector,7,34,9490
5819,Nicole Sanchez,Sergeant,7,46,9503
5827,Samuel Henry,Sergeant,1,62,9516
5835,Karen Garza,Lieutenant,4,21,9529
5843,Justin Gordon,Inspector,15,194,9542
5851,Joseph Pacheco,Lieutenant,18,172,9555
5859,Karen Gibbs,Sergeant,10,186,9568
5867,Timothy Murillo,Sergeant,6,152,9581
5875,Briana Hines,Sergeant,20,45,9594
5883,Stephanie Montoya,Inspector,10,117,9607
5891,Tammy Mcdonald,Inspector,9,123,9620
5899,Jeffrey Orozco,Inspector,1,63,9633
5907,Kara Preston,Lieutenant,2,121,9646
5915,Lisa Scott,Inspector,17,156,9659
5923,Andrea Garner,Inspector,15,51,9672
5931,Kevin Leach,Inspector,18,51,9685
5939,Jeffrey Leon,Sergeant,16,170,9698
5947,Craig Johnson,Inspector,8,179,9711
5955,David Aguirre,Inspector,13,198,9724
5963,Diane Christian,Lieutenant,14,198,9737
5971,Michele Sanchez,Inspector,16,111,9750
5979,Micheal Marshall,Lieutenant,7,170,9763
5987,Krista Romero,Inspector,9,121,9776
5995,Angel Clarke,Inspector,16,121,9789
6003,Matthew Oliver,Sergeant,18,191,9802
6011,Jamie Perkins,Lieutenant,6,160,9815
6019,Michelle West,Lieutenant,10,34,9828
6027,Kelly Peterson,Sergeant,8,62,9841
6035,Brent Rivas,Inspector,8,142,9854
6043,Peter Thomas,Lieutenant,12,120,9867
6051,Patrick Morgan,Lieutenant,9,144,9880
6059,Steven Short,Inspector,12,138,9893
6067,Andrew Blackburn,Sergeant,5,82,9906
6075,Thomas Flowers,Sergeant,1,51,9919
6083,David Smith,Inspector,4,178,9932
6091,Wendy Smith,Inspector,8,69,9945
6099,Julie Duran,Lieutenant,15,115,9958
6107,Cynthia Townsend,Sergeant,18,197,9971
6115,Lauren Mclaughlin,Inspector,20,165,9984
6123,Michelle Cox,Lieutenant,12,65,9997
6131,Kenneth Smith,Inspector,9,122,10010
6139,Sheila Reed,Lieutenant,1,132,10023
6147,William Nguyen,Inspector,18,100,10036
6155,Angela Nguyen,Sergeant,1,199,10049
6163,Timothy Stout,Inspector,16,29,10062
6171,Kathleen Nguyen,Sergeant,10,122,10075
6179,Michael Owens,Sergeant,10,30,10088
6187,Anna Yu,Lieutenant,5,149,10101
6195,Maureen Black,Sergeant,8,155,10114
6203,Evelyn Turner,Inspector,16,34,10127
6211,Christopher Harris,Lieutenant,4,82,10140
6219,Kimberly Hamilton,Inspector,20,21,10153
6227,Stephen Wright,Inspector,5,184,10166
6235,Jessica Cox,Lieutenant,15,86,10179
6243,Cheryl May,Sergeant,14,67,10192
6251,Sean Simpson,Inspector,4,136,10205
6259,Ashley Bailey,Inspector,15,155,10218
6267,Kirsten Luna,Lieutenant,8,199,10231
6275,Thomas Esparza,Lieutenant,11,12,10244
6283,Mark Crawford,Sergeant,1,175,10257
6291,Preston Russell,Inspector,12,144,10270
6299,Jeremy Green,Lieutenant,19,70,10283
6307,Gerald Roberts,Lieutenant,13,51,10296
6315,Tony Thompson,Inspector,6,139,10309
6323,Aaron Drake,Lieutenant,12,104,10322
6331,Mrs. Catherine Stein,Sergeant,12,107,10335
6339,Michael Hill,Inspector,16,76,10348
6347,Daniel Moore,Lieutenant,1,90,10361
6355,Elaine Scott,Sergeant,16,65,10374
6363,Misty Garza,Inspector,6,147,10387
6371,Keith Burke,Lieutenant,10,133,10400
6379,Brandon Smith,Inspector,11,65,10413
6387,Jaime Cook,Inspector,5,133,10426
6395,Ricky Morgan,Sergeant,15,91,10439
6403,Christine Fox,Inspector,16,165,10452
6411,Brian Glover,Inspector,19,48,10465
6419,Mike Hutchinson,Sergeant,10,72,10478
6427,Janice Harris,Inspector,9,105,10491
6435,Michele Shields MD,Sergeant,8,151,10504
6443,Alec Lopez,Sergeant,10,119,10517
6451,David Allen,Sergeant,17,128,10530
6459,Sandra Velazquez MD,Lieutenant,10,56,10543
6467,Brian Cummings,Inspector,7,159,10556
6475,Jonathan Rowe,Inspector,12,89,10569
6483,John Jones,Inspector,17,114,10582
6491,Barbara Santos,Sergeant,8,149,10595
6499,Dean Henderson,Lieutenant,3,46,10608
6507,Hector Ellis,Lieutenant,18,103,10621
6515,Andrew Baker,Sergeant,13,11,10634
6523,Stephen Richards,Sergeant,10,182,10647
6531,Teresa Kelley,Lieutenant,15,12,10660
6539,Alexis Walsh,Lieutenant,11,55,10673
6547,Justin Tran,Inspector,19,111,10686
6555,Lori Thomas,Sergeant,5,31,10699
6563,Theresa Patterson,Sergeant,13,53,10712
6571,Barry Hale,Sergeant,13,149,10725
6579,Charles Mcgrath,Lieutenant,10,194,10738
6587,Oscar Rodgers,Inspector,15,65,10751
6595,Steven Allison,Inspector,18,127,10764
6603,James Gonzalez,Sergeant,5,133,10777
6611,David Miller,Lieutenant,19,104,10790
6619,Lisa Brandt,Sergeant,19,179,10803
6627,Morgan Collins,Inspector,4,60,10816
6635,Leslie Wilson,Sergeant,3,179,10829
6643,Tammy Peters,Inspector,2,179,10842
6651,Anthony Howe,Inspector,9,13,10855
6659,Faith Collins,Inspector,9,166,10868
6667,James Smith,Sergeant,16,192,10881
6675,Samuel Navarro,Sergeant,7,197,10894
6683,Daniel Robbins,Sergeant,15,94,10907
6691,Katrina Harris,Inspector,8,62,10920
6699,Timothy Ball,Lieutenant,3,145,10933
6707,Stephanie Durham,Inspector,15,136,10946
6715,Mary Rivers,Sergeant,14,152,10959
6723,Rebecca Rivera,Inspector,4,127,10972
6731,Joshua Hinton,Sergeant,19,49,10985
6739,Oscar Hardin II,Sergeant,13,41,10998
6747,Lauren Moore,Sergeant,12,66,11011
6755,Anthony Robinson,Sergeant,20,60,11024
6763,Karen Bailey,Lieutenant,16,76,11037
6771,Evan Garcia,Sergeant,9,122,11050
6779,Robyn Ibarra,Inspector,15,86,11063
6787,Sean Vincent,Lieutenant,1,111,11076
6795,Andre Espinoza,Inspector,20,100,11089
6803,Jose Taylor,Sergeant,2,155,11102
6811,Sarah Ramirez,Sergeant,20,10,11115
6819,Anna Daugherty,Lieutenant,5,46,11128
6827,John Hartman,Inspector,16,13,11141
6835,Dwayne Frye,Inspector,13,179,11154
6843,James Barnett,Sergeant,6,102,11167
6851,Karla Turner,Sergeant,2,194,11180
6859,Kimberly Williams,Inspector,1,119,11193
6867,Bethany Potter,Sergeant,7,157,11206
6875,Amanda Wilson,Lieutenant,4,197,11219
6883,Eric Banks,Lieutenant,20,107,11232
6891,Joshua Gomez,Lieutenant,17,28,11245
6899,Carl Small,Sergeant,11,180,11258
6907,Gina Gregory,Lieutenant,10,93,11271
6915,Justin Sanchez,Inspector,5,42,11284
6923,Christy Fletcher,Lieutenant,14,62,11297
6931,Douglas Wilson,Sergeant,16,140,11310
6939,Jessica Davis,Inspector,2,178,11323
6947,Shelby Patton,Lieutenant,1,67,11336
6955,Jaime Weber,Inspector,10,117,11349
6963,Ronald Santos,Inspector,10,16,11362
6971,Cory Bernard,Lieutenant,3,44,11375
6979,Richard Li,Lieutenant,14,79,11388
6987,Eduardo Thompson,Sergeant,13,13,11401
6995,Heather Cooper,Lieutenant,11,96,11414
7003,Megan Morrow,Inspector,9,45,11427
7011,Paula Dixon,Inspector,2,67,11440
7019,Ashley Lopez,Sergeant,11,92,11453
7027,David Castaneda,Inspector,8,152,11466
7035,Carol Fisher,Lieutenant,17,138,11479
7043,Pamela Taylor,Lieutenant,4,162,11492
7051,Melissa Wood,Inspector,5,107,11505
7059,Rachel Campbell,Sergeant,4,16,11518
7067,Eddie Mccoy,Lieutenant,2,197,11531
7075,Bruce Olson,Sergeant,10,23,11544
7083,Melvin Durham,Lieutenant,4,159,11557
7091,Aaron Clark,Sergeant,3,184,11570
7099,Eric Gray,Sergeant,7,192,11583
7107,Michael Krause,Sergeant,5,61,11596
7115,Lori King,Sergeant,6,191,11609
7123,Mr. David Robinson,Sergeant,5,35,11622
7131,Ernest Foley,Lieutenant,20,58,11635
7139,Jasmine Thomas,Inspector,12,178,11648
7147,Peter Morgan,Inspector,3,88,11661
7155,Whitney King,Sergeant,8,158,11674
7163,Michelle White,Sergeant,20,74,11687
7171,Terry Meyers,Inspector,9,199,11700
7179,Benjamin Andrews,Lieutenant,14,40,11713
7187,Eric Rose,Sergeant,2,176,11726
7195,Chelsea Torres,Lieutenant,3,72,11739
7203,Jennifer Yang,Inspector,9,161,11752
7211,Patrick Luna,Lieutenant,4,28,11765
7219,Paul Singleton,Sergeant,2,165,11778
7227,Christopher Walker,Inspector,4,130,11791
7235,Susan Dixon,Lieutenant,9,39,11804
7243,Scott Tran,Lieutenant,5,108,11817
7251,Bobby Floyd,Inspector,15,100,11830
7259,Angela Tran,Lieutenant,14,44,11843
7267,Kristen Thompson,Inspector,3,176,11856
7275,Andrew Johnson,Inspector,8,156,11869
7283,Kevin Knight,Sergeant,14,44,11882
7291,Melissa Shields,Inspector,10,117,11895
7299,Robert Wilson,Inspector,10,10,11908
7307,Ryan Cannon,Sergeant,12,28,11921
7315,Ann Waters,Lieutenant,18,27,11934
7323,Steven Jones,Lieutenant,19,196,11947
7331,Amy Williams,Inspector,1,197,11960
7339,Julie Thompson,Lieutenant,13,172,11973
7347,Mark Lopez,Lieutenant,15,104,11986
7355,Justin Foster,Inspector,3,152,11999
7363,John Charles,Lieutenant,3,67,12012
7371,Robert Dodson,Sergeant,6,53,12025
7379,Matthew Mason,Lieutenant,6,31,12038
7387,Jordan Brown,Inspector,2,170,12051
7395,Mr. Steven Williams MD,Inspector,5,179,12064
7403,Theresa Brown DVM,Sergeant,4,131,12077
7411,Elaine Watts,Inspector,10,84,12090
7419,Lauren Green,Inspector,17,12,12103
7427,Heather Sanders,Inspector,2,140,12116
7435,Cody Black,Sergeant,9,137,12129
7443,Laura Stewart,Inspector,5,154,12142
7451,Gary Swanson,Inspector,8,141,12155
7459,Abigail Mcbride,Lieutenant,6,150,12168
7467,Robert Pitts,Sergeant,15,143,12181
7475,Jessica Crawford,Sergeant,11,122,12194
7483,Connie Gibbs,Inspector,1,35,12207
7491,Patrick Ortiz,Sergeant,19,127,12220
7499,Lonnie Stephens,Inspector,2,131,12233
7507,Heidi Garcia,Inspector,20,172,12246
7515,Gilbert Rivera,Inspector,2,187,12259
7523,Patricia Ryan,Inspector,7,138,12272
7531,Sara Martinez,Lieutenant,3,83,12285
7539,James Wolf,Sergeant,19,16,12298
7547,David Anderson,Inspector,20,169,12311
7555,Rachel Cantrell,Lieutenant,2,89,12324
7563,Amanda West,Sergeant,20,71,12337
7571,Abigail Moore,Sergeant,14,170,12350
7579,Steven Smith,Lieutenant,18,120,12363
7587,Mark Baker,Inspector,14,183,12376
7595,Darrell Watts,Inspector,3,159,12389
7603,Janice Krueger,Inspector,12,65,12402
7611,Gary Hernandez,Inspector,10,24,12415
7619,James Davis,Inspector,6,30,12428
7627,Katherine Higgins,Sergeant,2,88,12441
7635,Sean Owens,Inspector,7,192,12454
7643,Shelby Barrett,Sergeant,9,127,12467
7651,Scott Hernandez,Inspector,3,43,12480
7659,Michael Smith,Sergeant,18,38,12493
7667,Diana Powers,Inspector,13,40,12506
7675,Dr. Douglas Freeman,Lieutenant,5,72,12519
7683,Mitchell Norton DDS,Sergeant,11,77,12532
7691,Megan Morrison,Inspector,12,111,12545
7699,Reginald Camacho,Inspector,6,161,12558
7707,Teresa Fitzgerald,Sergeant,1,43,12571
7715,Michele Vasquez,Lieutenant,7,94,12584
7723,Melanie Nixon,Lieutenant,1,158,12597
7731,Julie Peters,Lieutenant,3,23,12610
7739,Jared Johnson,Inspector,14,176,12623
7747,Adrian David,Sergeant,10,188,12636
7755,Jennifer Vang,Lieutenant,19,31,12649
7763,Mr. William Walker,Inspector,1,166,12662
7771,Joseph Pratt,Lieutenant,9,114,12675
7779,Christina Howell,Inspector,15,118,12688
7787,Kelly Williams,Inspector,4,182,12701
7795,Kevin Jimenez,Lieutenant,12,48,12714
7803,Veronica Townsend,Sergeant,6,13,12727
7811,Michael Glenn,Lieutenant,15,39,12740
7819,Wanda Baker,Inspector,3,43,12753
7827,Barry Thomas,Lieutenant,3,52,12766
7835,Kristopher Moore,Inspector,9,64,12779
7843,Brent Mccoy,Inspector,8,62,12792
7851,Scott Harper,Inspector,12,151,12805
7859,Kristi Graves,Lieutenant,12,106,12818
7867,Patrick Wilkinson,Lieutenant,15,196,12831
7875,Wendy Padilla,Lieutenant,5,63,12844
7883,Richard King,Sergeant,4,12,12857
7891,Michael Mcintosh,Sergeant,11,146,12870
7899,David Brown II,Lieutenant,3,91,12883
7907,Michael Bailey,Lieutenant,12,36,12896
7915,Antonio Oconnor,Lieutenant,3,149,12909
7923,Edward Poole,Sergeant,6,99,12922
7931,Christopher Green,Inspector,14,58,12935
7939,Ann Murillo,Lieutenant,19,108,12948
7947,Lisa Meyers,Inspector,2,19,12961
7955,Anna Mckinney,Inspector,18,75,12974
7963,Gregory Bell,Lieutenant,9,94,12987
7971,Laurie Bass,Inspector,3,42,13000
7979,Kristina Clark,Sergeant,5,12,13013
7987,Bruce Lewis,Lieutenant,11,55,13026
7995,Christopher Hawkins,Sergeant,5,134,13039
8003,Dale Brewer,Sergeant,16,60,13052
8011,Joseph Smith,Sergeant,17,68,13065
8019,Bruce Ball,Inspector,15,44,13078
8027,Jamie Miller,Lieutenant,11,117,13091
8035,Lisa Carroll,Lieutenant,14,176,13104
8043,Brandon Morgan,Inspector,10,61,13117
8051,Veronica Mccormick,Lieutenant,3,39,13130
8059,Emily Williams,Lieutenant,20,23,13143
8067,Whitney White,Sergeant,18,63,13156
8075,Samantha Norris,Sergeant,19,119,13169
8083,Jamie Thomas,Sergeant,8,175,13182
8091,Kelli Moore,Sergeant,18,82,13195
